Dataset,NeuralNet,RandomForest,SVM_rbf
dataset1,0.7337662337662337,0.8961038961038961,0.7012987012987013
dataset2,0.999957590279692,0.999978795139846,0.9997243368179988
dataset3,1.0,1.0,0.8850574712643678
dataset4,0.8096666666666666,0.8116666666666666,0.816
